{"type":"Topology","arcs":[[[988,3313],[-3,-107],[9,-36],[22,-32]],[[1016,3138],[-95,11],[-3,-82],[-94,14],[-15,70],[-1,59],[43,6],[3,107],[68,-10],[66,0]],[[988,3313],[66,0],[2,81],[70,-3],[-2,-107],[-10,-13],[-61,1],[0,-99],[-3,-39],[-34,4]],[[1626,9],[2,75],[-102,4],[1,75],[5,8],[97,-5],[1,42],[-47,2],[1,36],[-21,1],[-1,-36],[-17,0],[0,41],[-19,5],[3,81],[87,-5],[0,-32],[27,7],[0,23],[23,-1],[1,41],[32,-2],[5,-101],[-2,-23],[-7,-245],[-69,2],[0,7]],[[1505,5331],[-1,-11],[-5,1],[-12,0],[-15,0],[1,15],[0,16],[0,2],[0,6],[-34,2],[0,20],[-1,0],[-6,0],[-5,1],[-39,2],[1,40],[45,-2],[7,24],[-7,16],[17,7],[0,86],[46,-3],[-1,-42],[4,-1],[-1,-19],[30,-2],[-1,-20],[7,0],[6,0],[4,0],[-2,-98],[-3,-10],[-15,0],[1,8],[0,2],[-20,1],[-1,-41]],[[2531,4991],[-9,20],[-57,2],[1,82],[-47,2],[38,66],[1,47],[-92,24],[1,53],[84,-42],[52,11],[2,32],[70,13],[1,35],[69,-3],[-1,-82],[137,-2],[-3,-121],[-115,30],[-14,1],[-9,-38],[-2,-116],[-90,5],[-17,-19]],[[3129,4988],[-143,5],[-6,-329],[-207,8],[-1,-81],[-560,19],[-42,4],[-37,-11],[-29,14],[-121,4],[-48,4],[-197,10],[-5,-42],[-15,-38],[-495,24],[-11,-343]],[[1212,4236],[-140,6],[-136,7],[-411,38],[-2,-63],[-55,5],[-34,24],[-27,32],[-22,6],[-36,-13],[-36,-43],[-22,1],[-59,44],[-12,16],[-10,41],[19,-1],[2,95],[-101,5],[-19,26],[-50,2],[-61,-29],[381,1118],[12,0],[2,41],[48,-2],[1,39],[131,0],[-19,42],[-112,4],[0,32],[-47,1],[3,127],[44,-1],[-10,38],[-29,26],[-3,19],[9,332],[300,-12],[89,0],[187,-7],[5,165],[277,-7],[9,324],[166,-6],[549,-38],[137,-8],[272,-11],[233,-11],[317,-12],[423,-3],[0,-165],[4,0],[-16,-661],[-7,-327],[-9,0],[-9,-284],[-103,1],[-6,-204],[-100,3]],[[2523,5259],[-6,-80],[-49,-2],[-2,-60],[36,-3],[-1,-60],[33,8],[64,1],[14,27],[-5,34],[1,120],[-35,-25],[-19,17],[3,22],[-34,1]],[[1473,5318],[32,-2],[2,56],[33,-2],[3,99],[-13,22],[-29,2],[0,17],[-40,1],[-2,-48],[-17,-1],[-3,-101],[34,-1],[0,-42]],[[3129,4988],[-11,-327],[-3,-331],[-2,-83],[208,-5],[-4,-249],[-421,15],[-142,1],[-7,-333],[-345,8],[-357,12],[-1,-80],[-6,-260],[-4,-197],[-428,1],[-6,-38],[-190,5],[-3,65],[-11,34],[17,10],[-15,44],[15,32],[21,-2],[12,-18],[36,-13],[-7,88],[-25,4],[-38,-36],[4,123],[-14,0],[-35,-27],[-56,-35],[-19,-24],[-101,3],[2,99],[19,762]],[[1835,4278],[-1,-37],[-45,1],[51,-70],[-2,-55],[34,-6],[17,-18],[1,-28],[25,-36],[30,34],[45,-2],[0,-25],[31,7],[-28,27],[-1,49],[20,25],[-138,6],[-21,14],[-30,38],[35,-2],[0,78],[-23,0]]],"transform":{"scale":[0.0001362515241195619,0.0000887149389335721],"translate":[-92.4842307,38.7526051]},"objects":{"temp_29019":{"type":"GeometryCollection","geometries":[{"arcs":[[0,1]],"type":"Polygon","properties":{"pws_id":"MO3036153"}},{"arcs":[[2,-1]],"type":"Polygon","properties":{"pws_id":"MO3048033"}},{"arcs":[[3]],"type":"Polygon","properties":{"pws_id":"MO3010033"}},{"arcs":[[4]],"type":"Polygon","properties":{"pws_id":"MO3010771"}},{"type":null,"properties":{"pws_id":"MO3010340"}},{"arcs":[[5]],"type":"Polygon","properties":{"pws_id":"MO3010152"}},{"arcs":[[6,7],[8],[9]],"type":"Polygon","properties":{"pws_id":"MO3024059"}},{"arcs":[[-7,10],[11]],"type":"Polygon","properties":{"pws_id":"MO3024052"}}]}}}