{"type":"Topology","arcs":[[[1608,2547],[44,120],[-33,-4],[-11,-77],[-71,2],[11,93],[13,36],[19,55],[4,11],[1,4],[14,39],[-17,34],[19,34],[1,45],[98,-4],[27,47],[82,-52],[-20,-45],[-9,-13],[-37,-54],[-12,-17],[-9,-14],[-14,-30],[-60,-220],[-40,10]],[[4218,2104],[-3,58],[24,21],[47,-29],[-39,-61],[-29,11]],[[2875,7463],[-517,9],[2,77],[-51,7],[3,117],[-57,14],[5,258],[342,-7],[3,135],[148,-7],[52,-133],[37,-17],[-10,-23],[56,-34],[-5,-214],[-8,-182]],[[2516,7618],[78,35],[0,66],[-30,-50],[-48,-51]],[[3432,7076],[-68,47],[91,-2],[3,94],[35,103],[79,-41],[15,23],[26,-36],[-79,-56],[-62,-88],[-11,-48],[-29,4]],[[3957,7957],[12,227],[-173,2],[23,68],[54,60],[4,36],[26,19],[-2,79],[93,-2],[1,132],[62,-2],[-8,-72],[-33,0],[-2,-57],[35,-6],[-2,-127],[72,-1],[-65,-131],[-67,-5],[-11,-254],[-19,34]],[[890,639],[-99,3],[-31,-15],[29,-47],[-4,-35],[-18,-19],[-39,-1],[-19,17],[-29,-25],[-55,42],[-2,45],[-22,30],[-38,6],[-17,62],[-8,35],[8,38],[35,53],[17,6],[11,-5],[-1,-40],[19,-44],[62,-7],[39,19],[47,-16],[67,3],[27,9],[-56,85],[17,10],[28,-2],[55,-44],[-2,-109],[18,-27],[-11,-36],[-28,9]],[[2857,3046],[0,-4],[236,-10],[28,-74],[24,-4],[31,25],[18,-20],[8,-53],[-5,-98],[16,-1],[1,-92],[15,-31],[39,-30],[36,-4],[51,47],[4,-37],[21,-22],[33,11],[3,-42],[22,-11],[-18,-48],[27,-86],[40,-38],[-8,-47],[48,-55],[24,-40],[35,6],[26,-23],[26,-3],[-23,-89],[51,-64],[31,-73],[-13,-20],[13,-42],[-8,-48],[32,-26],[-18,-48],[19,-48],[-63,-50],[16,-32],[-14,-23],[-31,-8],[-11,-48],[60,-51],[-21,-50],[7,-71],[38,40],[25,1],[-10,74],[52,25],[-12,-393],[2,-126],[-48,-37],[-92,-109],[-78,-102],[-65,-76],[-57,-57],[-50,-28],[-132,-24],[-155,-44],[-107,-60],[-79,-62],[-126,-110],[-79,-91],[-77,-72],[-58,-40],[-61,-27],[-94,-34],[-76,-16],[-81,-29],[-204,-65],[-123,-9],[-119,4],[-244,37],[-95,18],[-116,35],[-144,54],[-100,50],[-166,97],[2,151],[11,305],[-28,21],[-12,11],[-35,33],[-22,26],[-2,6],[-16,19],[-8,21],[-52,35],[-30,43],[-20,11],[-86,4],[8,-32],[-25,-82],[-12,-21],[-6,-12],[-5,-10],[-49,-60],[-5,-8],[-2,-7],[-2,-17],[2,-27],[-56,-91],[-52,45],[-99,104],[-47,68],[-19,87],[2,69],[27,134],[-1,51],[-16,70],[20,11],[56,-78],[39,-13],[30,9],[24,-10],[24,-37],[32,5],[4,132],[7,-1],[7,267],[1,260],[3,264],[-221,17],[-222,3],[12,302],[-34,16],[-55,121],[-6,37],[12,21],[45,28],[65,16],[19,77],[-4,40],[-26,75],[16,43],[759,-26],[227,-2],[343,-5],[136,-5],[-9,-27],[104,-4],[9,26],[9,0],[30,-2],[57,-2],[158,254],[231,-9],[394,-2],[282,3]]],"transform":{"scale":[0.00008240485300979785,0.00005537177663791079],"translate":[-92.2259349,38.557597]},"objects":{"temp_29027":{"type":"GeometryCollection","geometries":[{"arcs":[[0]],"type":"Polygon","properties":{"pws_id":"MO3010563"}},{"arcs":[[1]],"type":"Polygon","properties":{"pws_id":"MO3010535"}},{"arcs":[[2],[3]],"type":"Polygon","properties":{"pws_id":"MO3041238"}},{"arcs":[[4]],"type":"Polygon","properties":{"pws_id":"MO3010424"}},{"arcs":[[5]],"type":"Polygon","properties":{"pws_id":"MO3010039"}},{"arcs":[[6]],"type":"Polygon","properties":{"pws_id":"MO3010146"}},{"arcs":[[7]],"type":"Polygon","properties":{"pws_id":"MO3024084"}}]}}}