{"type":"Topology","arcs":[[[3955,5117],[1,23],[-232,-6],[-150,-10],[-3,125],[-150,-9],[-7,278],[-32,21],[-115,-6],[-8,118],[-39,20],[19,37],[28,12],[33,79],[80,44],[-42,45],[-21,3],[-51,-18],[-32,-31],[-78,-7],[-85,26],[168,8],[68,32],[48,3],[60,-112],[176,-145],[39,-25],[133,-62],[57,-33],[84,-85],[2,-34],[42,-42],[43,-12],[107,-76],[29,-57],[11,-70],[-89,-6],[2,-28],[69,0],[-1,-30],[-53,-4],[-48,11],[-18,-46],[-46,-2],[1,71]],[[3028,5626],[54,7],[40,-5],[21,-33],[-136,-9],[-7,39],[28,1]],[[3113,5672],[34,-33],[-40,-5],[6,38]],[[3008,5861],[-55,21],[-45,1],[-62,17],[0,51],[37,-3],[-2,126],[36,1],[0,-145],[100,-15],[17,-16],[3,-39],[-29,1]],[[7273,90],[2,-90],[-17,0],[-51,48],[-210,18],[-9,14],[11,79],[-61,13],[-51,1],[-245,64],[-4,387],[86,11],[312,15],[10,-91],[-24,-8],[14,-50],[-2,-82],[-34,-254],[14,-10],[218,-60],[41,-5]],[[2351,13320],[-46,61],[-27,59],[-20,251],[-47,-1],[0,41],[-156,-1],[-1,-22],[-85,2],[3,48],[-68,-1],[1,51],[62,1],[0,48],[58,1],[15,61],[18,14],[1,158],[-8,19],[-292,-4],[1,127],[301,0],[-2,-123],[147,3],[0,110],[8,16],[-47,69],[-329,302],[-73,0],[3,58],[23,-11],[48,1],[1,78],[75,0],[-1,84],[53,-83],[103,2],[295,0],[-2,-249],[144,2],[36,-44],[41,-10],[5,36],[83,28],[58,67],[12,43],[40,51],[75,79],[117,6],[1,55],[22,24],[3,131],[52,70],[31,31],[27,-19],[-30,-27],[-15,-44],[13,-34],[-15,-187],[46,-1],[-43,-114],[-93,1],[-2,-140],[-153,-2],[-3,-127],[-136,-2],[-1,-38],[-21,-27],[-2,-53],[14,-10],[175,4],[-61,-42],[-85,-85],[-44,-20],[-42,-4],[-3,-89],[-121,0],[1,-158],[77,-216],[-32,39],[-67,194],[-38,97],[-24,41],[-15,-48],[-32,-56],[1,-48],[13,-31],[71,-32],[24,-52],[30,-41],[21,-11],[9,-91],[25,-35],[-12,-38],[-83,-59],[-31,-50],[-75,-84]],[[2,14286],[24,78],[3,51],[33,7],[-19,29],[30,28],[88,9],[37,62],[5,31],[64,-20],[44,4],[14,50],[-18,32],[50,42],[20,44],[-12,47],[20,14],[-7,109],[-33,27],[9,46],[43,44],[12,35],[-28,112],[-42,37],[-19,40],[0,73],[20,42],[-13,21],[64,39],[57,83],[-8,44],[-24,34],[57,18],[29,21],[18,29],[46,47],[-63,8],[69,59],[239,0],[2,-85],[29,-58],[-46,-27],[-120,46],[-118,-19],[-52,-32],[-29,-51],[-3,-58],[-71,-92],[-18,-42],[23,-132],[10,-76],[28,-76],[-9,-33],[-34,-51],[18,-193],[6,-19],[115,-4],[4,-251],[-2,-255],[-95,2],[-202,-2],[-247,10],[2,22]],[[3112,12011],[7,38],[-44,5],[23,124],[-3,22],[48,-6],[7,40],[44,4],[-7,-51],[73,-10],[-10,-52],[-72,8],[-23,-135],[-43,13]]],"transform":{"scale":[0.000034272041237113,0.00002834024869940378],"translate":[-90.5286371,45.5348633]},"objects":{"temp_55099":{"type":"GeometryCollection","geometries":[{"arcs":[[[0]],[[1]],[[2]],[[3]]],"type":"MultiPolygon","properties":{"pws_id":"WI8510131"}},{"arcs":[[4]],"type":"Polygon","properties":{"pws_id":"WI8510132"}},{"arcs":[[[5]],[[6]]],"type":"MultiPolygon","properties":{"pws_id":"WI8510130"}},{"arcs":[[7]],"type":"Polygon","properties":{"pws_id":"WI8510408"}}]}}}