{"type":"Topology","arcs":[[[163,103],[-5,0],[6,18],[3,9],[4,11],[5,14],[2,6],[-22,0],[1,7],[-1,22],[-21,1],[0,14],[3,23],[94,2],[31,17],[-1,-18],[0,-3],[0,-7],[0,-2],[0,-1],[0,0],[0,-8],[0,-21],[-26,-1],[-1,-2],[0,-8],[-1,-14],[-20,-2],[-2,-6],[-2,-5],[-2,-4],[-8,-15],[-37,-27]],[[1416,3251],[-9,-31],[26,-22],[6,-69]],[[1439,3129],[26,-53],[39,-18],[18,-22],[-17,-19],[11,-27],[-3,-43],[22,-5],[6,-26],[38,-13],[22,-56],[18,-2],[31,-35],[-1,-152],[-10,-355]],[[1639,2303],[-2,-88]],[[1637,2215],[-41,-36],[-42,-66],[-185,-303]],[[1369,1810],[-49,3]],[[1320,1813],[-60,-71],[-33,-24],[-2,56],[-53,17],[12,21],[31,9],[-15,28],[-31,18],[1,31],[-25,0],[-2,61],[-51,0],[-1,-64],[-52,0],[-54,-53],[26,-1],[4,-186],[0,-257],[27,0],[1,-31],[26,0],[-1,-53]],[[1068,1314],[-116,-194],[-60,-74],[-251,-192],[-232,-179],[-67,-48],[-58,-59],[-35,-46],[-77,-111],[-66,-173],[-59,-161]],[[47,77],[-9,0],[14,699],[9,467],[4,130],[5,315],[6,300],[-76,2],[4,146],[9,415],[1,152],[13,564],[1,131],[103,0],[229,-5],[199,-7],[124,-1],[420,-11],[296,-6],[5,-28],[-12,-25],[24,-64]],[[1439,3129],[3,122],[-26,0]],[[1416,3251],[135,-1],[227,-7],[202,-2],[326,-12],[215,-6],[-10,-587],[-4,-233],[-6,-115],[-513,8]],[[1988,2296],[-65,2]],[[1923,2298],[-284,5]],[[1068,1314],[52,-8],[0,-49],[26,-1],[13,24],[25,0],[1,25],[101,1],[1,28],[46,-1],[0,25],[52,0],[0,25],[-52,0],[-1,148],[9,29],[46,0],[2,117],[53,0],[1,146],[-63,3],[-11,-16]],[[1637,2215],[33,16],[168,48],[85,19]],[[1988,2296],[24,-1],[64,-35],[35,-13],[51,2],[84,30],[100,4],[35,6],[47,-36],[13,-66],[-4,-34],[-50,-16],[-29,-28],[-20,-36],[-5,-39],[-56,3],[-35,-21],[-10,-25],[11,-30],[-4,-30],[21,-36],[-23,-45],[-32,-23],[-38,-54],[3,-29],[22,-22],[29,62],[22,26],[26,6],[28,-14],[-14,-63],[24,-32],[33,-26],[12,-25],[-5,-25],[-30,-22],[-65,2],[-16,28],[-55,11],[-16,-24],[18,-19],[28,-64],[5,-42],[-35,-21],[-32,-1],[-29,-44],[13,-28],[49,22],[21,-22],[52,33],[44,-19],[78,-10],[13,-58],[17,-9],[11,-52],[-19,-14],[-61,9],[-23,-12],[-23,-37],[4,-22],[36,8],[37,-31],[12,-39],[-17,-21],[-40,4],[-18,-33],[28,-38],[1,-45],[-16,-24],[-39,-8],[-32,-35],[37,-15],[322,-1],[-5,-467],[116,-2],[-4,-74],[23,-36],[-20,-71],[-32,9],[-29,-6],[-20,-32],[23,-47],[-31,-62],[8,-70],[-5,-62],[-21,-18],[-198,2],[-315,13],[-728,28],[-685,20],[-637,14]],[[233,306],[-2,-58],[-100,2],[-1,-58],[27,-1],[-1,-30],[79,-2],[1,29],[26,0],[0,17],[1,43],[-26,1],[6,28],[-10,29]]],"transform":{"scale":[0.00017166609426379326,0.00012407301353737886],"translate":[-92.8601068,37.47462679999999]},"objects":{"temp_29105":{"type":"GeometryCollection","geometries":[{"arcs":[[0]],"type":"Polygon","properties":{"pws_id":"MO5010185"}},{"arcs":[[1,2,3,4,5,6,7,8]],"type":"Polygon","properties":{"pws_id":"MO5024317"}},{"arcs":[[-3,9,10,11,12]],"type":"Polygon","properties":{"pws_id":"MO5024318"}},{"arcs":[[-8,13,-5,14,-12,15],[16]],"type":"Polygon","properties":{"pws_id":"MO5024319"}}]}}}