{"type":"Topology","arcs":[[[32941,9597],[-162,2],[-8,117],[-1,555],[385,2],[-2,-320],[54,2],[-1,-105],[-55,0],[1,-256],[-107,-8],[-104,11]],[[12895,0],[-199,2],[3,200],[-75,2],[-6,50],[25,22],[78,19],[177,-10],[-3,-285]],[[21757,1803],[-11,-54],[7,-207],[-33,-52],[-84,-25],[-51,21],[-67,74],[-14,88],[-53,66],[0,187],[21,57],[64,39],[86,-20],[48,2],[64,-39],[22,-57],[1,-80]],[[37167,566],[-26,-63],[-46,-30],[-68,0],[-36,21],[-31,45],[-5,47],[36,65],[56,25],[79,-20],[30,-37],[11,-53]],[[34462,1147],[-18,-51],[-54,-41],[-41,-6],[-74,36],[-22,42],[0,54],[32,52],[43,22],[55,0],[43,-22],[36,-86]],[[33681,1763],[-17,-51],[-48,-38],[-82,0],[-62,69],[2,61],[42,53],[80,16],[38,-16],[42,-53],[5,-41]],[[34147,2142],[-36,-72],[-77,-25],[-59,9],[-151,0],[-70,39],[-61,-25],[-132,13],[-60,63],[0,67],[20,35],[-7,45],[43,77],[-121,51],[-47,38],[-54,100],[8,274],[55,66],[36,10],[25,52],[97,44],[18,52],[61,43],[83,-7],[41,-36],[20,-77],[-15,-47],[10,-39],[46,11],[63,57],[95,-9],[47,-57],[5,-47],[-33,-63],[13,-43],[-4,-76],[87,-41],[36,-41],[10,-60],[-10,-68],[41,-22],[31,-45],[5,-41],[-17,-51],[-37,-33],[-5,-121]],[[25613,5868],[-36,-79],[-82,-63],[-56,-6],[-134,-53],[-57,4],[-135,-73],[-97,-16],[-57,37],[-61,-38],[1,-46],[-29,-54],[-68,-30],[-61,14],[-39,38],[-22,65],[6,41],[36,49],[46,20],[5,38],[36,50],[58,21],[48,-8],[43,-33],[173,101],[23,37],[-5,60],[-33,82],[-85,25],[-31,45],[8,139],[36,50],[72,21],[95,-25],[92,10],[3,56],[36,49],[37,18],[68,-4],[48,-39],[24,79],[47,38],[82,0],[48,-38],[17,-65],[-18,-53],[48,-11],[48,-38],[18,-65],[-18,-51],[-48,-39],[-101,-14],[-46,-41],[24,-55],[3,-54],[-18,-58],[8,-38]],[[25663,6682],[-36,-79],[-50,-24],[-41,0],[-50,24],[-32,52],[0,54],[32,51],[50,24],[41,0],[50,-24],[36,-78]],[[8265,11783],[-18,-58],[-41,-36],[-40,-10],[-61,13],[-49,64],[0,54],[32,51],[43,23],[75,-7],[41,-36],[18,-58]],[[8265,12004],[-37,-78],[-78,-35],[-151,7],[-122,65],[-36,72],[13,56],[-54,24],[-49,62],[-18,51],[5,41],[36,49],[58,21],[97,4],[33,43],[58,21],[102,-2],[58,-21],[40,-66],[47,-34],[22,-77],[-24,-203]],[[168,18691],[106,-18],[37,41],[80,40],[111,-6],[112,-57],[43,-51],[29,-105],[93,51],[89,0],[67,-30],[71,23],[131,-6],[80,-39],[54,-71],[15,-64],[-8,-66],[-55,-86],[0,-70],[-35,-80],[-80,-71],[-61,-26],[-90,0],[-57,24],[-72,11],[-51,27],[-85,4],[-83,-30],[-109,19],[-73,63],[-62,39],[-77,-16],[-87,20],[-54,40],[-44,76],[-8,59],[-60,51],[-35,81],[5,88],[61,91],[102,44]]],"transform":{"scale":[0.0000126543627411415,0.000009433582169137287],"translate":[-97.6000211,42.8654114]},"objects":{"temp_46135":{"type":"GeometryCollection","geometries":[{"arcs":[[0]],"type":"Polygon","properties":{"pws_id":"SD4600347"}},{"arcs":[[1]],"type":"Polygon","properties":{"pws_id":"SD4600412"}},{"arcs":[[2]],"type":"Polygon","properties":{"pws_id":"SD4602099"}},{"arcs":[[[3]],[[4]],[[5]],[[6]]],"type":"MultiPolygon","properties":{"pws_id":"SD4600140"}},{"arcs":[[[7]],[[8]]],"type":"MultiPolygon","properties":{"pws_id":"SD4600212"}},{"arcs":[[[9]],[[10]]],"type":"MultiPolygon","properties":{"pws_id":"SD4600338"}},{"arcs":[[11]],"type":"Polygon","properties":{"pws_id":"SD4600195"}}]}}}