{"type":"Topology","arcs":[[[2782,2853],[66,-1],[-1,-54],[-65,55]],[[2542,2642],[-155,60],[1,49],[-73,12],[2,93],[-82,4],[-3,70],[24,48],[52,16],[10,89],[269,180],[16,-43],[53,0],[0,-39],[126,8],[64,-62],[56,-4],[20,-20],[-28,-46],[-45,-45],[-103,-43],[24,-57],[12,-59]],[[2782,2853],[-47,2],[1,-88],[16,-18],[-1,-160],[56,2],[-1,-74],[-114,3],[-59,54],[23,24],[-23,28],[-33,-5],[-58,21]],[[2429,3230],[-14,25],[67,15],[0,-29],[40,0],[0,46],[27,0],[33,32],[36,-22],[-157,-112],[-32,45]],[[1566,3319],[1,92],[-192,0],[1,195],[-25,14],[-3,53],[-65,12],[-8,25],[4,68],[-91,0],[2,183],[98,0],[2,93],[93,1],[107,36],[23,-9],[19,-61],[26,0],[0,79],[18,2],[-7,-412],[233,-1],[23,-122],[18,-64],[-84,3],[-5,-184],[-188,-3]],[[1665,3324],[18,22],[-12,45],[-22,17],[-16,66],[-37,62],[-80,103],[-29,56],[-10,69],[19,20],[-25,66],[25,223],[-25,8],[-91,-42],[7,-54],[-12,-121],[7,-82],[31,-87],[57,-112],[-18,-95],[48,46],[33,-14],[69,-93],[12,-33],[51,-70]],[[4671,3932],[-122,0]],[[4549,3932],[-260,4],[12,388],[83,4],[34,22],[21,46],[190,3],[59,-3],[-17,-464]],[[3,2171],[-3,5],[291,146],[46,17],[333,94],[128,17],[8,-22],[-68,3],[-128,-21],[-297,-84],[-310,-155]],[[4671,3932],[-3,-90],[215,-5],[-128,-138],[11,-42],[-78,-88],[-27,29],[-52,-37],[0,60],[55,0],[-24,41],[4,85],[-20,1],[-45,76],[-59,1],[0,19],[88,0],[-59,88]],[[3471,267],[-34,-30],[-7,-237],[-78,9],[-5,49],[14,57],[1,158],[-54,1],[-4,105],[-77,70],[-74,-32],[-63,3],[-33,-37],[-55,-30],[0,53],[84,37],[49,34],[157,46],[31,27],[-34,24],[-15,59],[0,138],[71,0],[54,28],[50,56],[9,52],[330,0],[-69,-61],[-15,-23],[10,-37],[43,-53],[14,-56],[-3,-39],[42,-38],[19,-63],[-43,0],[-46,-44],[0,-311],[-35,0],[11,90],[-28,36],[-49,6],[-53,-37],[-29,3],[6,73],[-73,5],[-19,-91]],[[6530,5869],[3,197],[184,1],[3,197],[-80,-8],[-33,9],[-55,67],[278,1],[1,-68],[-38,-1],[-14,-71],[4,-5],[6,1],[23,-8],[11,-16],[-1,-5],[-5,-29],[-7,3],[-77,-1],[4,-76],[-19,-11],[-32,-56],[-154,-131],[-2,10]],[[6532,6099],[0,58],[41,-4],[35,-50],[-27,-30],[-49,26]],[[5506,4988],[-53,7],[9,107],[-67,0],[14,64],[53,-1],[24,56],[43,-3],[53,-19],[44,57],[92,51],[58,44],[318,101],[-43,-58],[-43,-75],[-38,-48],[2,-50],[30,0],[0,-42],[47,0],[15,-35],[9,-71],[-119,0],[0,-13],[-101,0],[0,54],[-97,-1],[-49,14],[-51,-58],[-38,18],[-20,-27],[19,-21],[-43,-26],[-28,18],[-40,-43]],[[6723,6147],[67,4],[0,38],[25,-13],[7,-11],[19,-17],[9,-12],[-100,-87],[-28,-17],[0,30],[1,85]]],"transform":{"scale":[0.00004858329927007258,0.00003937280909521517],"translate":[-91.5258955,37.947789]},"objects":{"temp_29055":{"type":"GeometryCollection","geometries":[{"arcs":[[[0]],[[1,2]],[[3]]],"type":"MultiPolygon","properties":{"pws_id":"MO6010200"}},{"arcs":[[4],[5]],"type":"Polygon","properties":{"pws_id":"MO6036052"}},{"arcs":[[6,7]],"type":"Polygon","properties":{"pws_id":"MO4041636"}},{"arcs":[[8]],"type":"Polygon","properties":{"pws_id":"MO4043109"}},{"arcs":[[-7,9]],"type":"Polygon","properties":{"pws_id":"MO6010457"}},{"arcs":[[10]],"type":"Polygon","properties":{"pws_id":"MO6010759"}},{"arcs":[[[11]],[[12]]],"type":"MultiPolygon","properties":{"pws_id":"MO4011491"}},{"arcs":[[13]],"type":"Polygon","properties":{"pws_id":"MO6010092"}},{"arcs":[[14]],"type":"Polygon","properties":{"pws_id":"MO6036037"}}]}}}