{"type":"Topology","arcs":[[[2299,267],[-8,-8],[-7,4],[4,13],[11,-9]],[[2245,341],[-9,-9],[-21,8],[-3,10],[0,26],[8,10],[17,-4],[7,-6],[2,-15],[-1,-20]],[[2314,327],[-10,-11],[-13,-1],[-16,16],[-16,-3],[-6,3],[-2,8],[5,14],[9,9],[-5,9],[6,12],[7,28],[15,14],[11,-1],[1,-19],[-10,-7],[4,-18],[11,0],[12,-7],[5,-7],[17,-1],[11,-11],[5,-13],[7,0],[4,-9],[-4,-7],[-20,5],[-6,-5],[-15,9],[-7,-7]],[[2261,384],[-11,-7],[-5,11],[7,6],[9,-10]],[[3395,1638],[9,-3],[8,-7],[8,-20],[-2,-19],[-10,-10],[-13,4],[-4,6],[-1,16],[-8,8],[-2,9],[7,13],[8,3]],[[3338,1761],[8,-3],[6,-9],[0,-9],[-8,-17],[15,-1],[8,6],[14,-3],[6,-11],[-2,-22],[7,-16],[1,-9],[-9,-12],[1,-12],[-5,-13],[-7,-6],[-15,-5],[-16,9],[-4,8],[-9,-1],[-19,4],[-10,9],[-4,11],[2,9],[11,8],[4,18],[-8,12],[1,25],[17,25],[15,5]],[[2289,1074],[6,-1],[9,14],[24,7],[7,-3],[6,-10],[8,1],[11,-12],[0,-9],[-9,-14],[-9,-4],[-3,-9],[-24,-16],[-16,6],[-4,17],[-7,0],[-11,13],[1,12],[11,8]],[[995,2288],[1,136],[-1,134],[239,-1],[-1,135],[118,-1],[-1,135],[237,1],[-1,538],[1008,-7],[-2,-133],[589,-6],[10,659],[-2,961],[530,-8],[3,-262],[359,1],[-5,-140],[119,-3],[3,-668],[119,0],[0,-268],[-121,-2],[2,-270],[-11,2],[0,-120],[112,-1],[1,-267],[238,-2],[2,-269],[236,-1],[0,-135],[118,-1],[1,-135],[232,4],[1,-404],[-236,-2],[0,-384],[-120,4],[-1,-292],[-350,-1],[-1,135],[-125,0],[-1,-269],[-111,-3],[-239,1],[0,136],[-235,-2],[-3,271],[-230,-2],[-1,-271],[-592,-3],[0,271],[-234,1],[-1,-134],[-120,0],[0,-407],[-237,-1],[0,-134],[-116,1],[-2,-672],[-354,3],[0,135],[-119,-1],[0,-270],[-253,1],[-125,29],[-257,0],[-73,50],[0,59],[-88,1],[-30,21],[0,113],[-118,-1],[1,135],[-118,-1],[-20,45],[-101,133],[2,91],[118,-1],[1,135],[-119,1],[2,134],[-186,0],[4,269],[179,1],[-2,135],[-233,2],[0,268],[356,-2],[120,-1],[1,269],[-119,-1],[-641,4],[-1,402],[643,-2],[352,-1]],[[739,451],[18,2],[6,-3],[5,12],[-3,9],[4,12],[8,5],[13,-4],[13,3],[8,-6],[3,-13],[-10,-13],[5,-9],[7,5],[17,3],[12,-7],[3,-9],[-5,-13],[-11,-9],[0,-8],[-6,-11],[-11,-2],[-5,-7],[-13,-4],[-12,12],[-15,-7],[-6,0],[-4,1],[-1,1],[-1,1],[-2,2],[-4,11],[-8,1],[-3,1],[-1,1],[-1,2],[-10,14],[-3,15],[5,8],[8,4]],[[4084,373],[22,-3],[10,2],[13,-8],[4,-17],[-3,-7],[-10,-10],[12,-8],[2,-13],[-7,-12],[1,-10],[7,-13],[0,-9],[-6,-19],[-14,-17],[-9,-5],[-12,1],[-8,12],[-11,-14],[-10,-1],[-10,11],[4,18],[-14,15],[-2,12],[2,8],[12,12],[-5,33],[3,9],[13,7],[7,21],[9,5]]],"transform":{"scale":[0.00017122482449297732,0.00010759836743128732],"translate":[-97.60134389999999,44.54342]},"objects":{"temp_46057":{"type":"GeometryCollection","geometries":[{"arcs":[[[0]],[[1]],[[2]],[[3]]],"type":"MultiPolygon","properties":{"pws_id":"SD4600187"}},{"arcs":[[[4]],[[5]]],"type":"MultiPolygon","properties":{"pws_id":"SD4600002"}},{"arcs":[[6]],"type":"Polygon","properties":{"pws_id":"SD4600151"}},{"arcs":[[7],[-7],[-5],[-6]],"type":"Polygon","properties":{"pws_id":"SD4600866"}},{"arcs":[[8]],"type":"Polygon","properties":{"pws_id":"SD4600076"}},{"arcs":[[9]],"type":"Polygon","properties":{"pws_id":"SD4600119"}}]}}}