{"type":"Topology","arcs":[[[3442,277],[6,29],[83,1],[8,-91],[-95,-36],[-2,97]],[[3229,5],[20,43],[63,71],[29,15],[212,77],[55,4],[185,91],[38,10],[62,41],[42,58],[39,103],[46,447],[22,89],[44,64],[-17,52],[-53,-146],[-26,-97],[-19,99],[-87,5],[0,314],[76,-1],[-1,49],[64,0],[0,39],[95,8],[-3,-98],[113,-2],[-1,59],[102,0],[6,79],[210,0],[39,6],[19,58],[33,-4],[-9,-44],[46,-7],[33,-74],[-103,-36],[2,-37],[30,0],[132,-47],[1,-24],[-53,-20],[-33,-39],[0,-78],[-49,1],[0,-34],[-47,0],[1,-240],[73,4],[130,32],[66,36],[29,47],[5,46],[-5,160],[-10,86],[84,-6],[80,-28],[123,-72],[235,-95],[-42,-95],[-102,-57],[-164,37],[-36,-29],[-33,-6],[-102,22],[-31,-6],[-113,-63],[-23,-41],[1,-40],[-23,-22],[-69,-9],[-69,44],[-58,10],[-117,-27],[-15,146],[-59,12],[-153,-3],[-27,21],[-84,24],[-37,-14],[-14,-31],[2,-110],[-34,-278],[11,-121],[45,-84],[82,-31],[22,-29],[7,-60],[-65,-71],[-58,-23],[-56,19],[-4,62],[-78,94],[-30,-6],[-60,-92],[12,-89],[50,-69],[2,-41],[-47,-4],[-92,33],[-88,-7],[-69,25],[-64,44],[-66,28],[-51,-1],[-58,-21],[-59,-48],[-36,-62],[-16,5]],[[3812,756],[25,9],[113,-5],[-1,-30],[-146,0],[9,26]],[[1808,7371],[-3,178],[-56,6],[-64,-16],[-71,33],[-132,5],[-13,76],[-41,15],[-143,1],[-41,-12],[-27,10],[-121,84],[-40,37],[-61,2],[-12,-26],[-49,32],[-17,27],[-99,46],[-52,-19],[-67,3],[-77,-65],[-39,-8],[-28,-47],[-37,-34],[-125,8],[-40,-22],[-83,3],[32,100],[9,88],[-27,66],[-26,102],[-29,156],[132,55],[27,70],[58,116],[21,20],[87,0],[1,97],[-42,24],[-12,40],[-35,56],[0,93],[-18,48],[-38,17],[-16,69],[-75,40],[-319,-2],[2,321],[244,-2],[-10,-44],[13,-45],[26,9],[44,-71],[31,22],[65,18],[21,-14],[1,-54],[66,21],[37,41],[35,-49],[9,-43],[80,-8],[16,-37],[31,-28],[30,25],[85,5],[-21,-44],[-77,0],[-25,-30],[-93,22],[0,-54],[32,-32],[47,-73],[-12,-37],[52,-15],[67,-142],[14,55],[54,-26],[31,1],[30,24],[50,1],[22,43],[20,-9],[6,-63],[51,-24],[25,8],[17,60],[65,8],[21,-14],[-13,-96],[21,-77],[28,13],[-18,81],[17,14],[72,-25],[45,-66],[22,-65],[46,-33],[-1,-79],[34,25],[56,-66],[-8,-104],[22,-38],[27,-12],[36,11],[23,54],[40,-2],[42,-61],[70,-77],[-2,-25],[48,-35],[15,66],[54,42],[-2,-199],[-73,1],[24,-121],[49,4],[-4,-448],[-62,0],[-2,20]],[[7119,3622],[-10,-1],[38,163],[2,32],[-127,-8],[3,90],[-103,-1],[-58,-39],[-149,1],[-73,-9],[-6,12],[0,190],[-36,20],[-22,31],[239,-28],[142,-10],[139,110],[153,3],[3,-123],[99,3],[-16,-59],[-25,-37],[-5,-124],[-78,-143],[-84,-65],[-26,-8]]],"transform":{"scale":[0.00003524385964912341,0.000023096837219343685],"translate":[-86.9173873,39.2587944]},"objects":{"temp_18119":{"type":"GeometryCollection","geometries":[{"arcs":[[[0]],[[1]],[[2]]],"type":"MultiPolygon","properties":{"pws_id":"IN5260001"}},{"arcs":[[3]],"type":"Polygon","properties":{"pws_id":"IN5260002"}},{"arcs":[[4]],"type":"Polygon","properties":{"pws_id":"IN5260003"}}]}}}