{"type":"Topology","arcs":[[[4476,1675],[-39,68],[75,51],[42,-70],[-6,-50],[-33,-38],[-39,39]],[[3301,3744],[-2,-75],[-13,-11],[-84,-8],[-19,4],[-1,0],[-7,-1],[-9,0],[-16,0],[1,-119],[-48,2],[-1,-36],[8,-2],[2,-1],[7,-1],[-2,-25],[-17,0],[-17,-9],[-45,1],[-7,0],[-1,2],[-3,0],[0,-2],[-30,0],[0,7],[-102,18],[-40,14],[10,10],[2,5],[0,17],[-3,5],[-9,8],[-23,8],[-31,-1],[-26,-9],[-39,2],[-23,6],[-7,6],[1,1],[4,4],[14,6],[39,9],[9,6],[6,7],[0,13],[-104,19],[-5,-45],[-3,4],[4,23],[4,26],[4,22],[1,5],[21,-5],[45,-11],[4,16],[-23,15],[-41,45],[48,-16],[6,-30],[35,-23],[15,-3],[0,0],[2,2],[0,1],[1,1],[5,12],[6,21],[19,6],[7,5],[13,15],[7,5],[2,7],[-4,8],[-11,9],[-5,18],[8,11],[1,7],[1,2],[1,2],[1,0],[2,1],[3,0],[7,2],[38,35],[27,16],[0,1],[0,1],[-29,17],[-20,12],[-10,1],[3,5],[2,2],[18,5],[1,16],[5,16],[6,5],[3,-2],[-2,-3],[-10,-34],[-13,-6],[0,-1],[-1,-1],[48,-28],[2,-3],[4,4],[3,5],[0,1],[0,1],[1,3],[7,14],[71,36],[48,47],[17,50],[82,-36],[-67,-22],[5,-104],[29,-54],[58,32],[9,-52],[110,-17]],[[3525,4859],[575,-3],[641,5],[-4,-245],[5,-407],[94,-827],[-13,-223],[-1,-215],[-24,-223],[-24,0],[2,-464],[-10,-423],[-6,-453],[-10,-199],[1,-399],[6,-342],[-4,-441],[-657,24],[-410,37],[-440,-7],[-218,3],[-396,-9],[-238,-12],[-339,9],[-542,8],[-204,7],[-724,0],[-144,2],[-441,17],[10,431],[4,675],[19,1531],[3,644],[-2,631],[-6,232],[144,2],[-1,210],[4,456],[216,-15],[444,3],[220,-2],[235,5],[216,-2],[548,-11],[532,-4],[219,-12],[0,10],[223,2],[-2,212],[217,0],[1,-212],[281,-6]],[[3140,3397],[-24,62],[3,36],[-17,5],[4,35],[72,-3],[30,13],[-31,58],[-7,25],[4,24],[8,1],[1,4],[28,-5],[-10,61],[15,2],[11,-60],[61,7],[11,82],[-56,7],[-100,20],[-35,-44],[-39,44],[12,45],[-55,19],[-54,-12],[-14,11],[-13,8],[-13,5],[-3,-5],[-4,-5],[-7,6],[-30,17],[-18,9],[15,8],[9,30],[3,3],[3,1],[5,9],[9,85],[-12,87],[-49,48],[-30,-38],[-72,-34],[103,-147],[-71,0],[0,-70],[24,-3],[37,15],[10,-3],[3,9],[5,0],[4,-1],[49,-28],[6,-5],[0,-2],[-26,-15],[-50,-38],[-3,-3],[-3,-4],[0,-5],[-8,-9],[-4,-20],[21,-9],[0,-14],[-19,-20],[-12,-7],[-9,-1],[-7,-7],[-5,-15],[-8,-24],[-35,12],[-16,10],[-12,8],[-27,25],[-20,-39],[22,-3],[31,-11],[56,-6],[-7,-31],[1,-8],[-2,-5],[-2,-7],[-7,-5],[-8,-3],[-39,-9],[-15,-8],[-1,-2],[1,-3],[4,-2],[22,-6],[45,-1],[24,8],[27,0],[20,-6],[10,-6],[6,-5],[2,-7],[0,-7],[-2,-9],[-3,-6],[-5,-6],[45,-15],[127,-24],[0,-3],[-5,-33],[115,-32]]],"transform":{"scale":[0.00008501656327543367,0.00006779596218239155],"translate":[-90.54978620000001,37.31215689999999]},"objects":{"temp_29123":{"type":"GeometryCollection","geometries":[{"arcs":[[0]],"type":"Polygon","properties":{"pws_id":"MO4010501"}},{"arcs":[[1]],"type":"Polygon","properties":{"pws_id":"MO4010290"}},{"arcs":[[2],[3]],"type":"Polygon","properties":{"pws_id":"MO4024368"}}]}}}