{"type":"Topology","arcs":[[[2382,1155],[75,2],[12,-114],[-36,-43],[-67,16],[7,39],[-43,59],[52,41]],[[1072,626],[-68,-81],[44,-59],[38,-150],[48,-63],[46,25],[50,-51],[42,-100],[51,-73],[59,-24],[-28,-50],[-106,134],[-40,100],[-126,12],[-26,141],[-56,126],[-54,25],[46,66],[80,22]],[[280,542],[25,-26],[9,-94],[-24,-71],[-133,5],[8,-86],[54,-39],[-7,-65],[10,-121],[-25,1],[-10,121],[14,43],[-59,41],[1,32],[-143,34],[22,33],[133,34],[96,8],[31,49],[-66,86],[64,15]],[[1386,254],[45,-46],[14,-85],[93,19],[8,-93],[-45,-37],[-15,72],[-81,39],[3,73],[-22,58]],[[634,2103],[15,-64],[21,-207],[-13,-72],[275,10],[39,-45],[3,-86],[50,-96],[109,-66],[61,-16],[23,8],[23,-10],[13,-13],[-10,-27],[-14,15],[-15,6],[-21,-7],[-72,20],[-112,67],[-60,117],[-2,84],[-92,32],[-79,-23],[-104,0],[-27,-92],[-77,1],[-36,-41],[-14,-60],[-69,-87],[62,-47],[68,52],[18,70],[67,-65],[-87,-36],[-65,-49],[-76,51],[-90,31],[-116,-3],[-74,-35],[-46,-94],[-24,9],[54,108],[44,0],[38,39],[198,8],[-116,103],[47,97],[34,-42],[44,53],[66,20],[57,-61],[94,174],[-19,145],[-73,29],[16,88],[64,7]],[[458,1623],[-2,-85],[38,9],[17,65],[-53,11]],[[1248,1479],[30,-54],[87,-20],[65,17],[39,40],[94,-31],[30,-77],[96,-52],[-18,-96],[-80,-100],[-17,30],[-103,-84],[-71,113],[-22,108],[-79,62],[23,36],[-66,29],[-6,11],[-28,28],[-1,13],[8,8],[5,15],[14,4]],[[1499,1182],[25,-46],[107,86],[-113,83],[-45,1],[-51,-43],[1,-83],[44,-36],[32,38]],[[2593,1319],[33,36],[68,161],[107,80],[31,-61],[-72,-67],[62,-93],[-9,-216],[-98,30],[-58,102],[-64,28]],[[1720,1620],[43,-51],[-100,-63],[-89,-73],[-7,36],[83,62],[43,9],[27,80]],[[2529,3593],[34,-33],[119,-18],[93,-72],[-17,-20],[-68,53],[-73,32],[-42,-5],[-25,-125],[-23,12],[23,110],[-30,39],[-43,-20],[-85,-2],[-62,-44],[-80,25],[-127,-83],[-126,-41],[-31,-47],[-57,-28],[-109,1],[-40,-59],[-31,-190],[-24,-83],[57,-72],[-21,-152],[-2,-95],[-24,-3],[16,239],[-47,70],[-2,47],[48,132],[6,113],[56,80],[110,-1],[45,18],[46,57],[71,12],[184,116],[83,-23],[44,33],[99,7],[55,20]],[[1578,3316],[-90,-14],[-80,-33],[-72,-5],[-79,-89],[-41,12],[-43,-35],[-1,-72],[-60,19],[-37,38],[-75,-22],[-115,-4],[-16,34],[124,-3],[96,19],[39,-38],[20,70],[92,7],[79,87],[84,10],[127,40],[48,-21]],[[419,2675],[3,-66],[104,-60],[51,-3],[65,-46],[104,-4],[4,-28],[-117,2],[-63,49],[-54,5],[22,-100],[88,-55],[33,-84],[7,-87],[-73,-44],[4,74],[34,61],[-40,82],[-69,32],[-22,41],[-7,91],[-65,19],[-29,46],[20,75]]],"transform":{"scale":[0.00014431754943502938,0.00009827923740606762],"translate":[-79.8899859,39.3376099]},"objects":{"temp_54077":{"type":"GeometryCollection","geometries":[{"arcs":[[0]],"type":"Polygon","properties":{"pws_id":"WV3303917"}},{"type":null,"properties":{"pws_id":"WV9939113"}},{"arcs":[[1]],"type":"Polygon","properties":{"pws_id":"WV3303918"}},{"arcs":[[2]],"type":"Polygon","properties":{"pws_id":"WV3303920"}},{"arcs":[[3]],"type":"Polygon","properties":{"pws_id":"WV3303914"}},{"type":null,"properties":{"pws_id":"WV3302923"}},{"arcs":[[4],[5]],"type":"Polygon","properties":{"pws_id":"WV3303912"}},{"arcs":[[6],[7]],"type":"Polygon","properties":{"pws_id":"WV3303908"}},{"arcs":[[8]],"type":"Polygon","properties":{"pws_id":"WV3303921"}},{"arcs":[[9]],"type":"Polygon","properties":{"pws_id":"WV3303901"}},{"type":null,"properties":{"pws_id":"WV3303902"}},{"type":null,"properties":{"pws_id":"WV3303904"}},{"arcs":[[[10]],[[11]]],"type":"MultiPolygon","properties":{"pws_id":"WV3303923"}},{"arcs":[[12]],"type":"Polygon","properties":{"pws_id":"WV3303909"}}]}}}