{"type":"Topology","arcs":[[[1082,804],[34,16],[59,-36],[0,-11],[-12,0],[-8,-8],[0,-23],[4,-2],[8,-1],[0,-11],[27,-1],[16,-17],[4,1],[7,-2],[12,0],[0,6],[10,-1],[0,-5],[40,-2],[29,-51],[58,-2],[-1,-23],[-40,1],[-5,-6],[-6,7],[-27,0],[-1,-67],[5,-5],[-6,-86],[-20,-63],[-101,-42],[-70,1],[-50,44],[-10,-7],[-5,-8],[-6,-6],[0,-2],[-20,-6],[0,-16],[-118,-3],[-1,-17],[-13,0],[-3,-10],[2,-4],[-4,-6],[-9,1],[-3,6],[7,23],[0,16],[-30,1],[30,45],[4,112],[-25,31],[94,125],[51,-2],[0,23],[1,29],[6,16],[39,-1],[12,61],[35,-12]],[[137,650],[-31,114],[72,20],[-6,-250],[103,-23],[3,200],[64,-2],[-2,-200],[-24,-143],[-98,-31],[-19,65],[-83,13],[-30,86],[47,42],[4,109]],[[1510,90],[-52,9],[-44,76],[111,11],[-3,47],[-138,4],[-8,41],[227,-24],[80,-254],[-173,90]],[[1325,1054],[-2,-120],[82,-52],[-5,-176],[62,-75],[-79,1],[-18,2],[-49,10],[-31,-2],[-12,23],[6,86],[-37,2],[1,-66],[-29,1],[7,87],[59,-7],[-2,52],[-41,70],[-8,117],[96,47]],[[1379,705],[3,95],[-73,2],[-19,-94],[89,-3]],[[858,584],[-80,-83],[-199,-83],[-185,-24],[3,90],[97,-4],[83,-46],[196,84],[85,66]],[[1036,397],[0,-37],[-87,0],[-30,-19],[-51,2],[-9,-47],[-28,1],[0,47],[-126,-38],[2,25],[61,31],[43,-3],[71,-1],[2,40],[152,-1]],[[1303,646],[5,3],[21,-17],[28,-9],[0,-15],[51,-1],[63,17],[42,-33],[35,-116],[-3,-99],[-44,-67],[-52,93],[-75,20],[-30,111],[-34,37],[-20,1],[-2,21],[2,2],[1,5],[7,-6],[52,-2],[-23,18],[-19,23],[-24,6],[-3,5],[0,4],[4,2],[18,-3]],[[1551,409],[3,144],[-115,158],[19,95],[-27,86],[94,-2],[40,70],[-79,134],[47,109],[60,14],[70,-144],[-25,-143],[160,20],[113,-16],[-2,-92],[-55,-75],[258,-24],[1,189],[-78,53],[57,100],[45,-140],[-4,-176],[20,-46],[-166,5],[-154,32],[22,149],[-236,9],[-130,-124],[-21,-74],[68,-50],[113,-1],[0,-121],[34,-61],[-132,-78]],[[1590,920],[50,161],[-63,118],[-76,-113],[89,-166]],[[1192,1553],[49,56],[-48,88],[-259,-42],[-6,61],[134,41],[133,-4],[-12,87],[-96,2],[223,206],[33,-33],[-117,-109],[12,-135],[70,80],[161,-4],[-65,-76],[-106,-54],[33,-74],[0,-201],[173,33],[-2,-115],[-197,-1],[12,-83],[112,-35],[-23,-163],[-205,-12],[-16,-23],[-10,-270],[-12,0],[-8,-8],[0,-25],[12,-1],[0,-33],[-53,0],[0,46],[-64,62],[-16,-127],[-20,1],[0,23],[-15,0],[-5,-23],[-56,2],[-90,-107],[-282,-71],[-100,88],[8,207],[-221,5],[-11,49],[-242,7],[2,138],[133,-1],[3,120],[256,85],[15,32],[229,100],[98,0],[254,-73],[64,-68],[5,170],[60,-2],[69,-90],[4,274]]],"transform":{"scale":[0.00022722159777055227,0.0001601875000000058],"translate":[-93.7271776,35.36636809999999]},"objects":{"temp_05071":{"type":"GeometryCollection","geometries":[{"arcs":[[0]],"type":"Polygon","properties":{"pws_id":"AR0000289"}},{"arcs":[[1]],"type":"Polygon","properties":{"pws_id":"AR0000290"}},{"arcs":[[2]],"type":"Polygon","properties":{"pws_id":"AR0000287"}},{"arcs":[[3],[4]],"type":"Polygon","properties":{"pws_id":"AR0000292"}},{"arcs":[[5]],"type":"Polygon","properties":{"pws_id":"AR0000286"}},{"arcs":[[6]],"type":"Polygon","properties":{"pws_id":"AR0000293"}},{"arcs":[[7]],"type":"Polygon","properties":{"pws_id":"AR0000288"}},{"arcs":[[8],[9]],"type":"Polygon","properties":{"pws_id":"AR0000772"}},{"arcs":[[10]],"type":"Polygon","properties":{"pws_id":"AR0000617"}}]}}}