{"type":"Topology","arcs":[[[585,2149],[-15,41]],[[570,2190],[15,-41]],[[347,2124],[0,-46]],[[347,2078],[-56,-53],[-28,-97],[-83,49],[0,122],[28,73],[-138,0],[1,147],[55,49],[251,-1],[43,-23],[66,-123],[-167,-25],[28,-72]],[[822,1921],[27,-34]],[[849,1887],[9,-11]],[[858,1876],[-231,-23],[-56,-74]],[[571,1779],[-14,73],[-83,0],[-15,-74],[30,-147]],[[489,1631],[-85,0]],[[404,1631],[-1,-122]],[[403,1509],[-26,0]],[[377,1509],[-1,122],[-166,1],[-83,25],[-1,75],[222,-51],[29,171],[0,110],[82,-12]],[[459,1950],[111,-24],[11,49]],[[581,1975],[128,-5],[113,-49]],[[875,2269],[2,-121]],[[877,2148],[-8,-7]],[[869,2141],[-21,-56]],[[848,2085],[-83,37],[-1,-126]],[[764,1996],[30,0]],[[794,1996],[-56,-21],[0,49],[-84,0],[-55,50],[-14,75]],[[570,2190],[-40,129],[319,0],[26,-50]],[[403,1509],[5,0]],[[408,1509],[-1,-34]],[[407,1475],[-30,34]],[[347,2124],[127,53],[27,-64],[-154,-35]],[[960,2121],[43,-73],[97,0],[111,-49]],[[1211,1999],[27,0],[-2,-221],[-138,12]],[[1098,1790],[0,12]],[[1098,1802],[-13,-12]],[[1085,1790],[-127,-12],[-79,60]],[[879,1838],[-12,7]],[[867,1845],[-17,3]],[[850,1848],[-4,3]],[[846,1851],[1,7]],[[847,1858],[12,-1]],[[859,1857],[3,2]],[[862,1859],[-1,14]],[[861,1873],[-12,14]],[[822,1921],[-28,75]],[[764,1996],[84,89]],[[848,2085],[21,56]],[[877,2148],[83,-27]],[[459,1950],[15,100],[97,24],[10,-99]],[[1290,1607],[13,9]],[[1303,1616],[10,14]],[[1313,1630],[-23,-23]],[[1098,1790],[-13,0]],[[1085,1790],[13,12]],[[960,2121],[0,86],[-85,62]],[[875,2269],[59,148],[277,0],[-1,98],[56,0],[-1,-197],[84,55],[1,191],[67,0],[14,-99],[56,0],[-28,-142],[-42,-12],[15,-137],[-44,-149],[-39,-25],[-56,0],[0,61],[-28,0],[0,-61],[-54,-1]],[[1313,1630],[-10,-14]],[[1290,1607],[-54,147],[29,156],[56,40],[103,-51],[-19,-70],[111,0],[-3,-98],[57,-1],[0,-97],[-201,-22],[-56,19]],[[858,1876],[3,-3]],[[861,1873],[1,-14]],[[859,1857],[-12,1]],[[847,1858],[-1,-7]],[[850,1848],[17,-3]],[[879,1838],[-32,-132],[112,0]],[[959,1706],[-83,-49],[113,-98],[111,-4],[-1,50]],[[1099,1605],[28,-49],[137,-23],[57,-72],[29,-121],[-28,-123],[83,-74],[62,0],[1,-148],[-57,-100],[-109,0],[0,74],[-138,0],[0,62],[-85,2],[-59,60],[-51,-49],[-83,-1],[-30,-49],[-84,-1],[0,-74],[-108,49],[-138,-1],[-109,75],[-2,100],[100,98],[-112,0],[-56,-49],[-12,-123],[-83,24],[39,110],[0,88],[99,11],[-27,135],[44,39]],[[408,1509],[-4,122]],[[489,1631],[-1,147],[83,1]],[[959,1706],[56,-74],[84,-27]]],"transform":{"scale":[0.00032778216560509473,0.0002963921606864293],"translate":[-95.6030655,37.0454636]},"objects":{"temp_20133":{"type":"GeometryCollection","geometries":[{"arcs":[[0,1]],"type":"Polygon","properties":{"pws_id":"KS2013301"}},{"type":null,"properties":{"pws_id":"KS2013308"}},{"type":null,"properties":{"pws_id":"KS2009918"}},{"arcs":[[2,3]],"type":"Polygon","properties":{"pws_id":"KS2013321"}},{"arcs":[[4,5,6,7,8,9,10,11,12,13]],"type":"Polygon","properties":{"pws_id":"KS2013305"}},{"arcs":[[14,15,16,17,18,19,-2,20]],"type":"Polygon","properties":{"pws_id":"KS2013303"}},{"arcs":[[-11,21,22,23]],"type":"Polygon","properties":{"pws_id":"KS2013312"}},{"arcs":[[-3,24]],"type":"Polygon","properties":{"pws_id":"KS2013307"}},{"arcs":[[[25,26,27,28,29,30,31,32,33,34,35,36,37,-5,38,-19,39,40,-16,41]],[[-13,42]]],"type":"MultiPolygon","properties":{"pws_id":"KS2013320"}},{"arcs":[[43,44,45]],"type":"Polygon","properties":{"pws_id":"KS2013316"}},{"arcs":[[-28,46,47]],"type":"Polygon","properties":{"pws_id":"KS2013310"}},{"arcs":[[-26,48,49]],"type":"Polygon","properties":{"pws_id":"KS2013314"}},{"arcs":[[50,-44,51]],"type":"Polygon","properties":{"pws_id":"KS2013309"}},{"arcs":[[52,53,-36,54,55,-33,56,-31,57,58,59,-23,60,-9,61,-7]],"type":"Polygon","properties":{"pws_id":"KS2013317"}},{"arcs":[[-59,62]],"type":"Polygon","properties":{"pws_id":"KS2013315"}}]}}}