{"type":"Topology","arcs":[[[3760,8694],[74,35],[61,-58],[107,-74],[-17,-27],[8,-40],[-19,-92],[20,-56],[-34,7],[5,116],[-43,12],[-33,35],[-51,84],[-78,58]],[[3870,8963],[45,77],[-25,17],[21,38],[-23,15],[42,78],[25,-16],[-21,-39],[76,-50],[-22,-39],[25,-17],[-21,-37],[-26,16],[-48,-83],[-48,40]],[[5984,2395],[-41,45],[-24,42],[-55,0],[0,29],[-94,-85],[-19,23],[-67,-59],[1,504],[115,-121],[4,11],[4,365],[233,-2],[-2,-252],[116,0],[-2,-123],[118,-2],[0,-74],[116,47],[20,-58],[-19,-83],[-41,0],[-39,39],[-40,20],[-87,-32],[0,-113],[-30,1],[0,-126],[-160,0],[-7,4]],[[8576,7807],[-92,7],[-32,12],[-1,69],[-145,-1],[-1,71],[170,3],[-3,255],[355,5],[3,-245],[-54,-23],[2,-146],[-202,-7]],[[6586,6837],[-40,0],[0,62],[17,33],[41,13],[58,53],[-1,111],[22,0],[-17,77],[-80,-7],[2,62],[13,41],[68,0],[32,31],[9,-68],[192,-1],[-1,-56],[62,6],[173,57],[-238,-104],[-47,-26],[47,-22],[-1,-131],[-47,1],[-13,-32],[0,-63],[-49,0],[-30,-33],[12,-45],[-79,12],[-30,47],[-75,-18]],[[567,2754],[1,23],[-63,0],[1,124],[56,20],[9,-20],[62,0],[0,-42],[-33,-28],[0,-55],[-33,-22]],[[8512,0],[-144,1],[0,102],[-56,-1],[0,27],[-63,-1],[-1,216],[159,-127],[18,23],[59,-9],[0,-35],[117,0],[3,-196],[-92,0]],[[7081,781],[0,98],[99,-8],[52,-206],[-78,-5],[-46,-83],[-3,-46],[-22,-9],[-2,259]],[[5,6217],[39,28],[-4,33],[42,16],[2,122],[-84,-8],[0,16],[229,4],[0,-125],[-65,-11],[-98,-52],[-61,-23]],[[11815,1863],[0,94],[111,-3],[0,27],[173,-4],[1,-66],[-51,2],[1,-62],[-235,6],[0,6]],[[14794,1524],[-29,-39],[-46,18],[-18,60],[-31,52],[-25,-14],[2,-114],[-45,-1],[-1,35],[-88,8],[-8,-40],[-41,-1],[19,44],[-9,64],[-76,-2],[-22,44],[-58,-2],[-1,48],[-52,5],[2,-79],[-66,-2],[-2,126],[22,24],[55,7],[39,49],[41,21],[76,1],[0,50],[157,3],[2,-133],[77,1],[1,-34],[123,7],[2,-206]],[[13436,7246],[-2,191],[23,-54],[194,2],[1,-92],[57,-1],[-5,157],[44,42],[31,1],[2,-246],[-144,44],[-17,-46],[-184,2]],[[10527,1944],[4,-142],[-118,1],[-27,9],[-2,132],[143,0]],[[2314,9214],[39,164],[46,77],[73,59],[128,67],[68,12],[81,-2],[131,-36],[73,-13],[41,3],[94,31],[0,-98],[-97,-7],[-108,24],[-130,37],[-113,0],[-38,-6],[-69,-31],[-61,-45],[-43,-59],[-27,-70],[-22,-109],[-66,2]],[[2825,9354],[-234,48],[22,52],[56,25],[9,29],[58,2],[100,-27],[-11,-129]],[[15459,5213],[-2,129],[-17,55],[-43,0],[1,54],[-24,19],[-60,1],[0,20],[-96,2],[-1,34],[180,-3],[1,45],[36,0],[25,-55],[138,2],[1,-88],[-82,1],[0,-71],[12,-96],[-18,-48],[-51,-1]]],"transform":{"scale":[0.00004118952429798661,0.00002854467841134164],"translate":[-89.5780083,41.6395467]},"objects":{"temp_17103":{"type":"GeometryCollection","geometries":[{"arcs":[[[0]],[[1]]],"type":"MultiPolygon","properties":{"pws_id":"IL1035500"}},{"arcs":[[2]],"type":"Polygon","properties":{"pws_id":"IL1030050"}},{"arcs":[[3]],"type":"Polygon","properties":{"pws_id":"IL1030100"}},{"arcs":[[4]],"type":"Polygon","properties":{"pws_id":"IL1030250"}},{"arcs":[[5]],"type":"Polygon","properties":{"pws_id":"IL1030300"}},{"arcs":[[6]],"type":"Polygon","properties":{"pws_id":"IL1030500"}},{"arcs":[[7]],"type":"Polygon","properties":{"pws_id":"IL1035100"}},{"type":null,"properties":{"pws_id":"IL1035165"}},{"arcs":[[8]],"type":"Polygon","properties":{"pws_id":"IL1035245"}},{"arcs":[[9]],"type":"Polygon","properties":{"pws_id":"IL1030150"}},{"arcs":[[10]],"type":"Polygon","properties":{"pws_id":"IL1030400"}},{"arcs":[[11]],"type":"Polygon","properties":{"pws_id":"IL1030450"}},{"arcs":[[12]],"type":"Polygon","properties":{"pws_id":"IL1030550"}},{"arcs":[[[13]],[[14]]],"type":"MultiPolygon","properties":{"pws_id":"IL1035050"}},{"arcs":[[15]],"type":"Polygon","properties":{"pws_id":"IL1034600"}}]}}}