{"type":"Topology","arcs":[[[2614,1953],[57,66],[-41,27],[-42,88],[16,61],[22,1],[-63,114],[6,31],[2,194],[187,5],[87,-4],[19,-73],[-2,-171],[43,-77],[-4,-90],[20,-29],[-16,-45],[-45,-14],[-37,7],[-33,-37],[-31,9],[-145,-63]],[[1974,2040],[2,115],[-65,2],[0,26],[65,-1],[3,281],[146,-2],[6,73],[76,0],[7,-36],[63,-1],[0,-110],[151,1],[2,-147],[-153,0],[-2,-293],[-302,2],[1,90]],[[2987,2855],[35,19],[-37,89],[101,1],[162,-110],[52,-74],[35,-31],[7,-50],[19,-10],[-64,-65],[0,-57],[-33,-32],[-224,0],[-5,72],[-22,11],[-1,55],[-26,82],[1,100]],[[2169,5656],[-22,0],[1,186],[-24,33],[-106,2],[1,49],[-232,-3],[-40,33],[143,-10],[213,3],[27,71],[-2,102],[24,0],[1,122],[28,0],[-1,-147],[46,0],[0,-75],[-50,-30],[11,-45],[-12,-63],[-6,-228]],[[3494,6148],[-1,-72],[-103,0],[0,53],[-45,0],[1,28],[-75,1],[0,67],[-116,1],[0,47],[42,0],[0,-38],[74,-1],[1,136],[274,-2],[-46,-62],[64,-17],[80,-2],[-32,-66],[-76,1],[-1,-36],[-40,-4],[-1,-34]],[[43,7401],[-43,3],[0,47],[53,0],[-10,-50]],[[1980,7957],[1,46],[-50,13],[7,85],[45,-1],[8,-83],[29,-8],[0,-37],[-40,-15]],[[8372,5039],[54,-39],[43,4],[-9,122],[111,0],[49,-95],[-77,-1],[16,-56],[-76,7],[-2,-47],[-36,1],[-73,35],[0,69]],[[7634,6649],[15,-59],[-57,-11],[-79,14],[-98,2],[0,31],[118,-3],[1,44],[-49,34],[0,41],[95,-2],[25,-11],[10,-80],[19,0]],[[7791,7253],[-21,-74],[-299,6],[-46,-4],[-301,-1],[5,297],[302,1],[4,595],[614,-17],[-3,-199],[-52,-95],[-98,3],[-3,-189],[-70,-180],[2,-25],[-34,-118]],[[3549,4596],[218,-5],[2,75],[165,-3],[-2,-60],[-65,-9],[-98,-3],[-94,-28],[-125,-50],[-1,83]],[[4674,4881],[-11,74],[38,-6],[37,18],[37,46],[39,69],[-2,-105],[64,2],[-64,-51],[-1,-49],[-61,0],[-5,24],[-71,-22]],[[5126,0],[-45,34],[-2,44],[-99,-2],[-17,57],[-58,-3],[1,47],[55,0],[8,29],[39,5],[15,-27],[103,5],[1,-37],[-45,-1],[1,-72],[43,0],[0,-79]],[[4213,579],[-117,3],[0,18],[-73,1],[0,86],[-74,-1],[-1,242],[-15,35],[165,-1],[-1,-129],[38,-11],[112,-1],[-3,-243],[-31,1]],[[4389,7326],[-38,71],[-112,-5],[0,152],[149,5],[2,141],[157,4],[-1,-107],[-15,-39],[152,-1],[10,-39],[-93,-52],[8,-40],[-15,-28],[-41,-18],[-15,-31],[-98,-25],[-5,-69],[-45,0],[0,81]],[[6136,1932],[-1,140],[54,12],[-13,56],[-27,46],[-45,0],[-2,79],[20,0],[1,83],[73,-1],[2,-188],[38,-1],[3,-219],[-103,-7]],[[6713,5528],[116,1],[93,-106],[17,-10],[13,-69],[24,-36],[1,-66],[-35,-32],[-46,0],[-6,-32],[-116,2],[-88,42],[-45,13],[-16,59],[109,11],[-21,223]]],"transform":{"scale":[0.00006417763341067366,0.000049763374891988395],"translate":[-91.5047837,39.7784543]},"objects":{"temp_17001":{"type":"GeometryCollection","geometries":[{"type":null,"properties":{"pws_id":"IL0015545"}},{"arcs":[[[0]],[[1]],[[2]]],"type":"MultiPolygon","properties":{"pws_id":"IL0015300"}},{"arcs":[[3]],"type":"Polygon","properties":{"pws_id":"IL0010700"}},{"arcs":[[4]],"type":"Polygon","properties":{"pws_id":"IL0010500"}},{"arcs":[[[5]],[[6]]],"type":"MultiPolygon","properties":{"pws_id":"IL0010400"}},{"arcs":[[7]],"type":"Polygon","properties":{"pws_id":"IL0010100"}},{"arcs":[[8]],"type":"Polygon","properties":{"pws_id":"IL0010250"}},{"arcs":[[9]],"type":"Polygon","properties":{"pws_id":"IL0010300"}},{"arcs":[[[10]],[[11]]],"type":"MultiPolygon","properties":{"pws_id":"IL0015150"}},{"arcs":[[12]],"type":"Polygon","properties":{"pws_id":"IL0010600"}},{"arcs":[[13]],"type":"Polygon","properties":{"pws_id":"IL0010550"}},{"arcs":[[14]],"type":"Polygon","properties":{"pws_id":"IL0010450"}},{"arcs":[[15]],"type":"Polygon","properties":{"pws_id":"IL0010350"}},{"arcs":[[16]],"type":"Polygon","properties":{"pws_id":"IL0010050"}}]}}}