{"type":"Topology","arcs":[[[2898,432],[-37,-70],[-65,-22],[-70,41],[-19,51],[19,78],[34,30],[85,0],[47,-54],[6,-54]],[[2209,202],[-19,-51],[-174,-126],[-73,5],[-42,45],[-94,-68],[-69,-7],[-44,24],[-28,46],[-14,95],[11,42],[-20,194],[-121,142],[-96,91],[-56,-15],[-201,4],[-54,34],[-24,63],[10,52],[-73,1],[-40,33],[-19,57],[28,82],[61,30],[50,-11],[87,8],[74,-42],[92,-14],[40,16],[127,-10],[52,26],[196,-26],[77,27],[38,-14],[199,9],[62,21],[43,-8],[89,-58],[28,-45],[0,-68],[-43,-58],[55,-85],[0,-54],[-34,-57],[-49,-21],[24,-112],[-4,-54],[-43,-58],[-9,-85]],[[957,859],[-47,-77],[-61,-14],[-60,35],[-22,49],[22,91],[91,34],[65,-51],[12,-67]],[[548,981],[-16,-45],[-67,-46],[-55,10],[-49,61],[0,68],[28,45],[76,26],[51,-26],[32,-93]],[[1691,1224],[-16,-44],[-43,-39],[-74,0],[-54,63],[-4,50],[-79,2],[-52,-31],[-49,3],[-58,59],[-90,-18],[-16,-56],[-44,-39],[-107,4],[-49,41],[-16,52],[9,131],[79,53],[26,53],[93,27],[64,-60],[39,-14],[40,-50],[78,21],[39,39],[62,9],[138,-44],[66,-86],[18,-126]],[[274,1279],[-27,-61],[-87,-29],[-61,45],[-13,88],[-58,26],[-28,46],[5,80],[44,48],[87,-1],[48,23],[61,-13],[32,-33],[16,-65],[-37,-77],[18,-77]],[[1057,1541],[-27,-61],[-55,-30],[-192,3],[-59,84],[12,66],[47,45],[82,-4],[97,16],[68,-31],[27,-88]],[[794,1916],[-31,-59],[-58,-26],[-43,8],[-49,51],[-3,89],[-61,-9],[-68,57],[-7,74],[63,72],[49,4],[58,-40],[49,-95],[70,-26],[31,-100]],[[452,2091],[-58,-77],[-50,-7],[-34,-44],[-84,-12],[-46,36],[-19,50],[19,78],[46,36],[44,5],[45,50],[85,0],[51,-67],[1,-48]],[[30543,17337],[99,-33],[45,-47],[33,-84],[0,-68],[-33,-84],[-45,-47],[-58,-27],[-83,0],[-74,40],[-57,95],[-5,91],[12,44],[50,74],[54,34],[62,12]],[[30360,18629],[104,-55],[84,85],[-56,94],[-23,87],[14,90],[34,57],[90,57],[83,0],[90,-57],[59,-99],[24,-88],[-14,-89],[-21,-40],[-71,-62],[22,-34],[58,-11],[69,-50],[42,-79],[7,-69],[-35,-106],[-46,-47],[-78,-32],[-108,18],[-1,-61],[-33,-84],[-34,-38],[16,-36],[47,1],[78,-31],[57,-66],[24,-88],[-15,-89],[-34,-58],[-92,-66],[-46,-48],[-78,-32],[-58,4],[-14,-66],[-50,-73],[-74,-41],[-83,0],[-75,41],[-29,33],[-33,84],[0,69],[22,64],[41,54],[-7,88],[-50,73],[-15,64],[-44,68],[-14,67],[14,89],[-47,70],[-18,112],[14,67],[50,73],[56,35],[31,72],[83,68],[83,11]],[[29899,18813],[78,-31],[66,-87],[15,-90],[-15,-67],[-49,-73],[-75,-41],[-83,0],[-57,27],[-46,47],[-33,84],[5,91],[28,62],[46,47],[78,31],[42,0]]],"transform":{"scale":[0.000013984897431756145,0.000009097474270111398],"translate":[-100.490857,44.53986]},"objects":{"temp_46119":{"type":"GeometryCollection","geometries":[{"arcs":[[[0]],[[1]],[[2]],[[3]],[[4]],[[5]],[[6]],[[7]],[[8]]],"type":"MultiPolygon","properties":{"pws_id":"SD4602089"}},{"arcs":[[[9]],[[10]],[[11]]],"type":"MultiPolygon","properties":{"pws_id":"SD4600233"}}]}}}