{"type":"Topology","arcs":[[[917,1209],[-27,-9],[-17,0],[-19,0],[-11,10],[0,65],[-80,4],[1,26],[26,26],[38,10],[137,2],[-13,60],[-61,0],[0,30],[-37,9],[-12,26],[146,-2],[1,30],[32,-2],[29,-23],[2,0],[2,0],[3,-3],[-2,-6],[13,-23],[7,-4],[1,3],[3,-2],[0,-1],[1,-2],[2,0],[-1,-26],[1,-3],[1,0],[1,-2],[1,-1],[1,-2],[-1,-5],[4,-11],[-2,-11],[6,-1],[1,-13],[-10,-11],[-3,-2],[0,0],[-1,-5],[0,-3],[1,-1],[0,-3],[0,-1],[0,0],[0,-26],[0,-19],[1,-40],[0,-1],[-4,-4],[0,-19],[-6,-3],[-25,25],[-27,-22],[0,-2],[1,-10],[2,-7],[-2,-42],[-34,4],[-70,43]],[[1890,1115],[-64,0],[-10,31],[-36,1],[2,141],[31,-15],[95,0],[-2,-134],[-16,-24]],[[90,1659],[-4,48],[-67,-12],[-19,32],[0,65],[29,38],[91,1],[-2,-170],[-28,-2]],[[3402,2165],[-3,-157],[-6,-126],[-352,10],[-256,3],[-3,-257],[-126,5],[-336,7],[-165,1]],[[2155,1651],[1,125],[8,0],[2,128],[-32,0],[3,255],[-219,0],[-13,6],[-240,2]],[[1665,2167],[-65,-1],[1,263],[-3,469],[61,0],[22,33],[201,0],[34,3],[247,-6],[0,63],[-137,8],[-226,-6],[-30,9],[-56,41],[-56,16],[1,-57],[-63,-6],[-8,316],[-1,351],[-4,33],[35,1],[287,-7],[262,-3],[125,-7],[116,2],[260,-6],[380,-17],[126,-3],[-2,-379],[7,-102],[-1,-409],[230,-4],[-6,-597]],[[2604,2793],[0,-63],[34,-1],[1,63],[-35,1]],[[2604,2793],[1,97],[39,22],[-73,10],[2,82],[-7,108],[-89,0],[-18,-20],[-44,-4],[-1,-71],[28,-23],[-137,-7],[15,-18],[-1,-76],[17,-79],[15,0],[-1,-80],[-21,-78],[23,-2],[15,79],[48,0],[32,14],[25,-9],[6,40],[63,-2],[0,20],[63,-3]],[[2248,3120],[33,-6],[15,-65],[37,0],[28,24],[-62,8],[11,48],[-49,22],[1,26],[-69,3],[0,-31],[55,-29]],[[2155,1651],[-1,-252],[-529,0],[-56,-1],[-352,3],[-74,1],[0,1],[-62,0]],[[1081,1403],[0,0],[0,31],[-32,0],[5,96],[-2,126],[96,2],[0,127],[135,-1],[1,128],[379,-3],[2,258]],[[3402,2165],[198,-3],[-3,-376],[-189,1],[-9,-345],[-2,-411],[-95,-1],[-228,8],[-151,-3],[-184,4],[-2,-344],[-126,-2],[-5,-124],[0,-192],[-96,2],[-1,-94],[-30,0],[0,-129],[-65,-1],[2,65],[-99,2],[-304,0],[-6,35],[3,254],[-115,1],[2,64],[-157,0],[0,32],[-31,-1],[0,-32],[-33,0],[-3,-127],[-32,0],[-1,-63],[-346,1],[2,-64],[-34,0],[-3,-189],[123,-1],[-1,-127],[-250,1],[-212,-6],[-39,8],[0,87],[-310,1],[-3,290],[63,0],[1,253],[64,-1],[0,252],[64,0],[0,134],[126,0],[3,174],[0,10],[4,7],[25,7],[19,35],[40,3],[1,-47],[23,-1],[1,-14],[20,0],[0,17],[59,0],[0,30],[1,149],[0,9]],[[234,769],[63,1],[0,-65],[-31,2],[0,-65],[103,0],[-1,-159],[-82,0],[-3,-159],[-48,0],[1,127],[-3,128],[-7,0],[0,127],[-55,2],[1,61],[62,0]]],"transform":{"scale":[0.0001494203055555548,0.0001145442520962951],"translate":[-94.6044905,39.411477]},"objects":{"temp_29049":{"type":"GeometryCollection","geometries":[{"arcs":[[0]],"type":"Polygon","properties":{"pws_id":"MO1010648"}},{"arcs":[[1]],"type":"Polygon","properties":{"pws_id":"MO1010453"}},{"arcs":[[2]],"type":"Polygon","properties":{"pws_id":"MO1010318"}},{"arcs":[[3,4,5],[6],[7],[8]],"type":"Polygon","properties":{"pws_id":"MO1024155"}},{"arcs":[[9,10,-5]],"type":"Polygon","properties":{"pws_id":"MO1024154"}},{"arcs":[[-10,-4,11],[-2]],"type":"Polygon","properties":{"pws_id":"MO1024156"}},{"arcs":[[12]],"type":"Polygon","properties":{"pws_id":"MO1024153"}}]}}}