{"type":"Topology","arcs":[[[2970,1401],[-9,28],[31,17],[-3,-45],[-19,0]],[[2757,534],[-14,-6],[-40,13],[-3,19],[59,0],[-2,-26]],[[2744,1176],[-19,30],[5,26],[-9,75],[88,-1],[-4,-75],[-61,-55]],[[3284,1505],[-61,3],[0,14],[0,13],[0,10],[29,18],[-14,17],[-8,-6],[-6,0],[-2,-1],[-7,-4],[-2,-1],[-5,-3],[-3,-2],[-3,-3],[-7,-4],[-5,-4],[-3,-1],[-14,-10],[1,45],[7,-2],[8,0],[10,-1],[5,0],[2,0],[1,0],[-1,-13],[18,12],[2,76],[14,-1],[34,-34],[9,-3],[2,2],[1,0],[1,0],[7,0],[0,3],[-7,0],[4,29],[47,-4],[-50,-34],[29,-22],[0,-16],[-15,1],[-12,0],[-1,0],[-3,0],[-1,-27],[-1,-1],[1,-2],[0,-2],[0,-2],[0,-40],[-1,0]],[[2545,714],[7,153],[1,72],[-62,-1],[-250,0],[-160,-5]],[[2081,933],[-35,6],[0,38]],[[2046,977],[4,248],[-553,13]],[[1497,1238],[10,443],[-2,74],[-188,1],[-142,6],[-286,13],[-245,17],[-74,3]],[[570,1795],[8,295],[14,662],[8,343],[374,-7],[6,297],[366,-10],[371,-7],[-5,-293],[6,0],[-9,-369],[-4,-144],[-3,-148],[292,-8],[166,0],[1,-57],[45,-5],[-1,-86],[247,7],[64,-2],[-4,-333],[-5,-255],[305,-2],[241,-8],[172,-8],[-2,-75],[-19,1],[-1,-15],[2,-4],[0,-3],[16,11],[2,1],[0,-37],[9,-1],[0,-2],[22,-1],[1,12],[30,-2],[1,37],[7,0],[1,31],[-8,0],[1,44],[137,-9],[37,-346],[58,-542],[251,-8],[237,-5],[-10,-522],[-113,3],[-62,-4],[-246,-1],[-3,-148],[-61,2],[-1,-74],[-309,17],[-115,2],[-62,4],[-249,9],[1,75],[6,226],[29,0],[-12,37],[1,54],[-13,38],[7,246],[-250,6]],[[2994,470],[-52,-54],[58,-79],[51,55],[-57,78]],[[2767,1275],[-32,13],[-1,-65],[42,8],[-9,44]],[[1561,2481],[-42,-60],[15,-13],[42,-2],[27,8],[8,18],[0,57],[-50,-8]],[[1497,1238],[-4,0],[-4,-127],[-46,0],[-3,-91],[-45,1]],[[1395,1021],[-63,2],[-3,-147],[-92,4],[-1,-37],[-249,9],[-212,11],[-9,-36],[-221,11],[-4,-154],[-124,6],[-183,17],[-1,-28],[-24,2],[-28,25],[-25,-3],[-16,-20],[-37,21],[0,68],[-45,2],[-31,12],[-27,-13],[176,520],[22,16],[58,1],[-8,18],[-50,2],[-21,15],[6,242],[257,-8],[2,74],[124,-3],[4,145]],[[1125,1143],[-9,-92],[43,4],[4,81],[-38,7]],[[657,1169],[15,24],[15,-1],[1,45],[-19,18],[-17,1],[-9,-22],[-1,-46],[15,-19]],[[2046,977],[-22,1],[0,27],[-20,1],[-4,-28],[-115,6],[-8,-32],[13,-16],[-2,-92],[-28,0],[0,-19],[27,-5],[2,-37]],[[1889,783],[0,-85],[17,-128]],[[1906,570],[-115,-2],[-312,7],[2,112],[-93,2],[3,186],[4,146]],[[2545,714],[-10,-376],[-132,1],[-301,7],[-176,1],[-13,38],[0,67],[-11,30],[-4,49],[8,39]],[[1889,783],[154,-4],[2,82],[97,-56],[0,-36],[32,-1],[1,93],[4,35],[-55,27],[-43,-4],[0,14]]],"transform":{"scale":[0.00030548145744946364,0.0001979071787296893],"translate":[-92.48423070000001,38.9930214]},"objects":{"temp_29007":{"type":"GeometryCollection","geometries":[{"arcs":[[0]],"type":"Polygon","properties":{"pws_id":"MO2010268"}},{"arcs":[[1]],"type":"Polygon","properties":{"pws_id":"MO2010506"}},{"arcs":[[2]],"type":"Polygon","properties":{"pws_id":"MO2010438"}},{"arcs":[[3]],"type":"Polygon","properties":{"pws_id":"MO2010812"}},{"arcs":[[4,5,6,7,8],[9],[10],[11]],"type":"Polygon","properties":{"pws_id":"MO2024402"}},{"arcs":[[12,13,-8],[14],[15]],"type":"Polygon","properties":{"pws_id":"MO3024059"}},{"arcs":[[-7,16,17,18,-13]],"type":"Polygon","properties":{"pws_id":"MO2024014"}},{"arcs":[[19,-18,20,-5]],"type":"Polygon","properties":{"pws_id":"MO2024013"}}]}}}